20200102,0,AQI,北京,65
20200102,0,PM2.5,北京,47
20200102,0,PM2.5_24h,北京,35
20200102,0,PM10,北京,80
20200102,0,PM10_24h,北京,56
20200102,0,SO2,北京,9
20200102,0,SO2_24h,北京,7
20200102,0,NO2,北京,60
20200102,0,NO2_24h,北京,49
20200102,0,O3,北京,6
20200102,0,O3_24h,北京,25
20200102,0,O3_8h,北京,4
20200102,0,O3_8h_24h,北京,20
20200102,0,CO,北京,1.11
20200102,0,CO_24h,北京,0.81
20200102,1,AQI,北京,64
20200102,1,PM2.5,北京,46
20200102,1,PM2.5_24h,北京,35
20200102,1,PM10,北京,75
20200102,1,PM10_24h,北京,58
20200102,1,SO2,北京,9
20200102,1,SO2_24h,北京,7
20200102,1,NO2,北京,60
20200102,1,NO2_24h,北京,49
20200102,1,O3,北京,5
20200102,1,O3_24h,北京,26
20200102,1,O3_8h,北京,5
20200102,1,O3_8h_24h,北京,5
20200102,1,CO,北京,1.07
20200102,1,CO_24h,北京,0.81
20200102,2,AQI,北京,69
20200102,2,PM2.5,北京,50
20200102,2,PM2.5_24h,北京,36
20200102,2,PM10,北京,77
20200102,2,PM10_24h,北京,59
20200102,2,SO2,北京,7
20200102,2,SO2_24h,北京,7
20200102,2,NO2,北京,59
20200102,2,NO2_24h,北京,50
20200102,2,O3,北京,5
20200102,2,O3_24h,北京,26
20200102,2,O3_8h,北京,5
20200102,2,O3_8h_24h,北京,5
20200102,2,CO,北京,1.06
20200102,2,CO_24h,北京,0.83
20200102,3,AQI,北京,66
20200102,3,PM2.5,北京,48
20200102,3,PM2.5_24h,北京,37
20200102,3,PM10,北京,75
20200102,3,PM10_24h,北京,60
20200102,3,SO2,北京,6
20200102,3,SO2_24h,北京,7
20200102,3,NO2,北京,58
20200102,3,NO2_24h,北京,50
20200102,3,O3,北京,5
20200102,3,O3_24h,北京,26
20200102,3,O3_8h,北京,5
20200102,3,O3_8h_24h,北京,5
20200102,3,CO,北京,1.07
20200102,3,CO_24h,北京,0.87
20200102,4,AQI,北京,63
20200102,4,PM2.5,北京,45
20200102,4,PM2.5_24h,北京,38
20200102,4,PM10,北京,69
20200102,4,PM10_24h,北京,62
20200102,4,SO2,北京,5
20200102,4,SO2_24h,北京,7
20200102,4,NO2,北京,56
20200102,4,NO2_24h,北京,51
20200102,4,O3,北京,4
20200102,4,O3_24h,北京,26
20200102,4,O3_8h,北京,4
20200102,4,O3_8h_24h,北京,5
20200102,4,CO,北京,1.07
20200102,4,CO_24h,北京,0.89
20200102,5,AQI,北京,61
20200102,5,PM2.5,北京,44
20200102,5,PM2.5_24h,北京,38
20200102,5,PM10,北京,66
20200102,5,PM10_24h,北京,62
20200102,5,SO2,北京,5
20200102,5,SO2_24h,北京,7
20200102,5,NO2,北京,55
20200102,5,NO2_24h,北京,51
20200102,5,O3,北京,4
20200102,5,O3_24h,北京,26
20200102,5,O3_8h,北京,4
20200102,5,O3_8h_24h,北京,4
20200102,5,CO,北京,1.06
20200102,5,CO_24h,北京,0.90
20200102,6,AQI,北京,60
20200102,6,PM2.5,北京,43
20200102,6,PM2.5_24h,北京,39
20200102,6,PM10,北京,64
20200102,6,PM10_24h,北京,63
20200102,6,SO2,北京,5
20200102,6,SO2_24h,北京,7
20200102,6,NO2,北京,56
20200102,6,NO2_24h,北京,51
20200102,6,O3,北京,4
20200102,6,O3_24h,北京,26
20200102,6,O3_8h,北京,4
20200102,6,O3_8h_24h,北京,4
20200102,6,CO,北京,1.07
20200102,6,CO_24h,北京,0.91
20200102,7,AQI,北京,57
20200102,7,PM2.5,北京,40
20200102,7,PM2.5_24h,北京,40
20200102,7,PM10,北京,63
20200102,7,PM10_24h,北京,64
20200102,7,SO2,北京,4
20200102,7,SO2_24h,北京,7
20200102,7,NO2,北京,56
20200102,7,NO2_24h,北京,52
20200102,7,O3,北京,3
20200102,7,O3_24h,北京,26
20200102,7,O3_8h,北京,3
20200102,7,O3_8h_24h,北京,4
20200102,7,CO,北京,1.14
20200102,7,CO_24h,北京,0.92
20200102,8,AQI,北京,59
20200102,8,PM2.5,北京,40
20200102,8,PM2.5_24h,北京,40
20200102,8,PM10,北京,67
20200102,8,PM10_24h,北京,64
20200102,8,SO2,北京,5
20200102,8,SO2_24h,北京,7
20200102,8,NO2,北京,58
20200102,8,NO2_24h,北京,52
20200102,8,O3,北京,3
20200102,8,O3_24h,北京,25
20200102,8,O3_8h,北京,3
20200102,8,O3_8h_24h,北京,4
20200102,8,CO,北京,1.28
20200102,8,CO_24h,北京,0.95
20200102,9,AQI,北京,66
20200102,9,PM2.5,北京,44
20200102,9,PM2.5_24h,北京,41
20200102,9,PM10,北京,82
20200102,9,PM10_24h,北京,65
20200102,9,SO2,北京,6
20200102,9,SO2_24h,北京,7
20200102,9,NO2,北京,57
20200102,9,NO2_24h,北京,52
20200102,9,O3,北京,6
20200102,9,O3_24h,北京,25
20200102,9,O3_8h,北京,4
20200102,9,O3_8h_24h,北京,4
20200102,9,CO,北京,1.34
20200102,9,CO_24h,北京,0.96
20200102,10,AQI,北京,68
20200102,10,PM2.5,北京,47
20200102,10,PM2.5_24h,北京,42
20200102,10,PM10,北京,86
20200102,10,PM10_24h,北京,66
20200102,10,SO2,北京,8
20200102,10,SO2_24h,北京,7
20200102,10,NO2,北京,57
20200102,10,NO2_24h,北京,53
20200102,10,O3,北京,13
20200102,10,O3_24h,北京,27
20200102,10,O3_8h,北京,5
20200102,10,O3_8h_24h,北京,5
20200102,10,CO,北京,1.36
20200102,10,CO_24h,北京,0.98
20200102,11,AQI,北京,74
20200102,11,PM2.5,北京,54
20200102,11,PM2.5_24h,北京,43
20200102,11,PM10,北京,91
20200102,11,PM10_24h,北京,70
20200102,11,SO2,北京,11
20200102,11,SO2_24h,北京,8
20200102,11,NO2,北京,61
20200102,11,NO2_24h,北京,55
20200102,11,O3,北京,12
20200102,11,O3_24h,北京,27
20200102,11,O3_8h,北京,6
20200102,11,O3_8h_24h,北京,6
20200102,11,CO,北京,1.40
20200102,11,CO_24h,北京,1.02
20200102,12,AQI,北京,74
20200102,12,PM2.5,北京,54
20200102,12,PM2.5_24h,北京,44
20200102,12,PM10,北京,74
20200102,12,PM10_24h,北京,71
20200102,12,SO2,北京,11
20200102,12,SO2_24h,北京,8
20200102,12,NO2,北京,60
20200102,12,NO2_24h,北京,55
20200102,12,O3,北京,16
20200102,12,O3_24h,北京,28
20200102,12,O3_8h,北京,8
20200102,12,O3_8h_24h,北京,8
20200102,12,CO,北京,1.38
20200102,12,CO_24h,北京,1.03
20200102,13,AQI,北京,69
20200102,13,PM2.5,北京,50
20200102,13,PM2.5_24h,北京,44
20200102,13,PM10,北京,68
20200102,13,PM10_24h,北京,72
20200102,13,SO2,北京,10
20200102,13,SO2_24h,北京,8
20200102,13,NO2,北京,57
20200102,13,NO2_24h,北京,57
20200102,13,O3,北京,21
20200102,13,O3_24h,北京,28
20200102,13,O3_8h,北京,9
20200102,13,O3_8h_24h,北京,9
20200102,13,CO,北京,1.20
20200102,13,CO_24h,北京,1.06
20200102,14,AQI,北京,65
20200102,14,PM2.5,北京,47
20200102,14,PM2.5_24h,北京,45
20200102,14,PM10,北京,64
20200102,14,PM10_24h,北京,72
20200102,14,SO2,北京,10
20200102,14,SO2_24h,北京,8
20200102,14,NO2,北京,55
20200102,14,NO2_24h,北京,58
20200102,14,O3,北京,24
20200102,14,O3_24h,北京,28
20200102,14,O3_8h,北京,12
20200102,14,O3_8h_24h,北京,12
20200102,14,CO,北京,1.06
20200102,14,CO_24h,北京,1.07
20200102,15,AQI,北京,63
20200102,15,PM2.5,北京,45
20200102,15,PM2.5_24h,北京,45
20200102,15,PM10,北京,58
20200102,15,PM10_24h,北京,72
20200102,15,SO2,北京,11
20200102,15,SO2_24h,北京,8
20200102,15,NO2,北京,58
20200102,15,NO2_24h,北京,58
20200102,15,O3,北京,21
20200102,15,O3_24h,北京,26
20200102,15,O3_8h,北京,14
20200102,15,O3_8h_24h,北京,14
20200102,15,CO,北京,1.05
20200102,15,CO_24h,北京,1.07
20200102,16,AQI,北京,66
20200102,16,PM2.5,北京,48
20200102,16,PM2.5_24h,北京,45
20200102,16,PM10,北京,68
20200102,16,PM10_24h,北京,73
20200102,16,SO2,北京,9
20200102,16,SO2_24h,北京,8
20200102,16,NO2,北京,62
20200102,16,NO2_24h,北京,58
20200102,16,O3,北京,16
20200102,16,O3_24h,北京,27
20200102,16,O3_8h,北京,17
20200102,16,O3_8h_24h,北京,17
20200102,16,CO,北京,1.01
20200102,16,CO_24h,北京,1.07
20200102,17,AQI,北京,70
20200102,17,PM2.5,北京,51
20200102,17,PM2.5_24h,北京,45
20200102,17,PM10,北京,73
20200102,17,PM10_24h,北京,72
20200102,17,SO2,北京,8
20200102,17,SO2_24h,北京,7
20200102,17,NO2,北京,62
20200102,17,NO2_24h,北京,58
20200102,17,O3,北京,9
20200102,17,O3_24h,北京,26
20200102,17,O3_8h,北京,17
20200102,17,O3_8h_24h,北京,17
20200102,17,CO,北京,0.98
20200102,17,CO_24h,北京,1.07
20200102,18,AQI,北京,74
20200102,18,PM2.5,北京,54
20200102,18,PM2.5_24h,北京,46
20200102,18,PM10,北京,87
20200102,18,PM10_24h,北京,73
20200102,18,SO2,北京,6
20200102,18,SO2_24h,北京,7
20200102,18,NO2,北京,70
20200102,18,NO2_24h,北京,57
20200102,18,O3,北京,6
20200102,18,O3_24h,北京,28
20200102,18,O3_8h,北京,17
20200102,18,O3_8h_24h,北京,18
20200102,18,CO,北京,1.01
20200102,18,CO_24h,北京,1.07
20200102,19,AQI,北京,81
20200102,19,PM2.5,北京,60
20200102,19,PM2.5_24h,北京,47
20200102,19,PM10,北京,86
20200102,19,PM10_24h,北京,75
20200102,19,SO2,北京,6
20200102,19,SO2_24h,北京,8
20200102,19,NO2,北京,75
20200102,19,NO2_24h,北京,59
20200102,19,O3,北京,6
20200102,19,O3_24h,北京,27
20200102,19,O3_8h,北京,15
20200102,19,O3_8h_24h,北京,17
20200102,19,CO,北京,1.09
20200102,19,CO_24h,北京,1.12
20200102,20,AQI,北京,86
20200102,20,PM2.5,北京,64
20200102,20,PM2.5_24h,北京,48
20200102,20,PM10,北京,98
20200102,20,PM10_24h,北京,76
20200102,20,SO2,北京,6
20200102,20,SO2_24h,北京,8
20200102,20,NO2,北京,77
20200102,20,NO2_24h,北京,60
20200102,20,O3,北京,5
20200102,20,O3_24h,北京,27
20200102,20,O3_8h,北京,14
20200102,20,O3_8h_24h,北京,17
20200102,20,CO,北京,1.19
20200102,20,CO_24h,北京,1.12
20200102,21,AQI,北京,86
20200102,21,PM2.5,北京,64
20200102,21,PM2.5_24h,北京,48
20200102,21,PM10,北京,105
20200102,21,PM10_24h,北京,77
20200102,21,SO2,北京,6
20200102,21,SO2_24h,北京,7
20200102,21,NO2,北京,78
20200102,21,NO2_24h,北京,62
20200102,21,O3,北京,5
20200102,21,O3_24h,北京,26
20200102,21,O3_8h,北京,11
20200102,21,O3_8h_24h,北京,16
20200102,21,CO,北京,1.32
20200102,21,CO_24h,北京,1.14
20200102,22,AQI,北京,90
20200102,22,PM2.5,北京,67
20200102,22,PM2.5_24h,北京,49
20200102,22,PM10,北京,108
20200102,22,PM10_24h,北京,78
20200102,22,SO2,北京,6
20200102,22,SO2_24h,北京,7
20200102,22,NO2,北京,78
20200102,22,NO2_24h,北京,62
20200102,22,O3,北京,6
20200102,22,O3_24h,北京,27
20200102,22,O3_8h,北京,9
20200102,22,O3_8h_24h,北京,17
20200102,22,CO,北京,1.42
20200102,22,CO_24h,北京,1.16
20200102,23,AQI,北京,93
20200102,23,PM2.5,北京,69
20200102,23,PM2.5_24h,北京,50
20200102,23,PM10,北京,110
20200102,23,PM10_24h,北京,79
20200102,23,SO2,北京,7
20200102,23,SO2_24h,北京,8
20200102,23,NO2,北京,76
20200102,23,NO2_24h,北京,63
20200102,23,O3,北京,8
20200102,23,O3_24h,北京,26
20200102,23,O3_8h,北京,7
20200102,23,O3_8h_24h,北京,16
20200102,23,CO,北京,1.56
20200102,23,CO_24h,北京,1.19
