author,comments,name,press,price,rank
卡勒德·胡赛尼,2779563条评论,追风筝的人（2018年新版）,上海人民出版社,¥18.00,41.
郑利强,799216条评论,我的第一本地理启蒙书,新世界出版社,¥16.90,42.
钱钟书,991777条评论,围城,人民文学出版社,¥19.50,43.
高尔基,97491条评论,童年（快乐读书吧·六年级上指定阅读，今年暑期月均销15000册，著,浙江工商大学出版社,¥12.30,44.
刘慈欣,486747条评论,流浪的地球（刘慈欣著，无删节无改写，大人孩子均可阅读，此版本,浙江教育出版社,¥24.70,45.
史蒂夫·比达尔夫,372285条评论,养育女孩（新版）,中信出版社,¥19.10,46.
珊蒂克雷文,328585条评论,学会爱自己（防性侵，安全意识、行为习惯培养绘本，全14册）,青岛出版社,¥74.80,47.
来俊臣,24421条评论,天下无谋之秘卷八书（壹）——罗织经,黄山书社,¥14.00,81.
铃木典丈,265105条评论,我的神奇马桶（奇思妙趣三部曲）（全3册）,贵州人民出版社,¥34.80,48.
陈磊,1006055条评论,半小时漫画中国史5（中国史大结局！笑着笑着，大清就亡了！漫画科,文汇出版社,¥24.70,49.
艾德兰,429718条评论,我们的身体,未来出版社,¥60.40,50.
蔡崇达,1087529条评论,皮囊【薇娅推荐】（350万册纪念版。直面人生的终极问题，刻在骨头,天津人民出版社,¥19.90,51.
乔安娜柯尔,472476条评论,神奇校车·动画版（全10册）,贵州人民出版社,¥46.00,52.
英国DK公司,341667条评论,DK幼儿百科全书——那些重要的事,中国大百科全书出版社,¥69.00,82.
北猫,282136条评论,米小圈上学记二年级（套装共4册）,四川少儿出版社,¥49.00,83.
乔安娜柯尔,318114条评论,神奇校车·阅读版（全16册）-儿童文学,贵州人民出版社,¥49.90,84.
周国平,659253条评论,我喜欢生命本来的样子(周国平经典散文作品集),作家出版社,¥22.10,85.
辛德斯·麦克劳德,63441条评论,小兔子学花钱系列·3~7岁孩子的首套财商启蒙绘本（全3册）（学花,河南文艺出版社,¥54.90,86.
霍晨昕,112450条评论,走遍中国 图说天下 寻梦之旅,四川人民出版社,¥22.10,87.
北猫,473505条评论,米小圈脑筋急转弯（第一辑）（套装共4册）,四川少儿出版社,¥31.40,88.
入山智,307038条评论,小鸡球球触感玩具书：全5册,长江少年儿童出版社,¥92.50,89.
东野圭吾,71100条评论,东野圭吾：祈念守护人（东野圭吾2020年全新长篇，全球同步发售）,南海出版公司,¥46.60,53.
叶圣陶,66884条评论,稻草人（语文教材三年级上册“快乐读书吧”篇目，手绘精美插图）,安徽教育出版社,¥9.90,54.
安托万·德·圣埃克苏佩里,1311774条评论,小王子（袁泉推荐，畅销400万册，1166229条当当读者五星好评。作,天津人民出版社,¥19.70,55.
宫西达也,262660条评论,宫西达也超级绘本（加法超人与算术星人+狐狸爸爸笑了等全11册）,青岛出版社,¥93.00,56.
玛兹丽施,785276条评论,如何说孩子才会听 怎么听孩子才肯说（全新修订版，涂磊推荐）,中央编译出版社,¥18.20,57.
讲历史的王老师,53083条评论,古代人的日常生活（古代的光棍多吗？古人怎么擦屁屁？古人夏天如,江苏凤凰文艺出版社,¥34.90,58.
罗伯特·清崎,362263条评论,富爸爸穷爸爸（新版本）当当投资理财类畅销图书！本版随书附赠价,四川人民出版社,¥44.50,59.
理查德·斯凯瑞,290807条评论,斯凯瑞金色童书·益智经典（百年诞辰纪念版，全4册）（原斯凯瑞金,贵州人民出版社,¥38.20,60.
毛姆,52261条评论,月亮与六便士（2019畅销百万册精装典藏版，全译详注+精美彩插，李,时代文艺出版社,¥17.60,90.
罗伯特·E·韦尔斯,86190条评论,妙想科学（全12册）,贵州人民出版社,¥65.50,91.
埃·奥·卜劳恩,7341条评论,父与子全集完整版（彩色注音版）小学生课外阅读书籍一二年级带拼,东北师范大学出版社,¥11.60,92.
东野圭吾,246948条评论,放学后（东野圭吾成名作）,南海出版公司,¥22.50,93.
何孝荣,8207条评论,二十四史少年精编版（套装全4册）萃取纯正精华，来自浩如烟海的中,青岛出版社,¥78.00,94.
图说天下,129576条评论,中国最美的100个地方 图说天下 国家地理,北京联合出版公司,¥8.00,95.
英国DK公司,78694条评论,DK博物大百科——自然界的视觉盛宴,科学普及出版社,¥206.10,96.
申惠恩,190895条评论,你好！数学（超值礼品盒装，共30册）,湖北少儿出版社,¥84.00,97.
艾伦·贝克尔,302645条评论,不可思议的旅程三部曲（2020版）,新星出版社,¥89.70,98.
陈磊.半小时漫画团队,18323条评论,半小时漫画中国哲学史（其实是一本严谨的极简中国哲学史！二混子,江苏凤凰文艺出版社,¥24.90,99.
宫西达也,396354条评论,宫西达也恐龙系列全套7册（你看起来好像很好吃+我是霸王龙等）,２１世纪出版社,¥63.00,100.
姜自霞,311705条评论,魔法拼音国 【升级版 全彩共10册】（7册故事绘本+3册闯关游戏+10,浙江少年儿童出版社,¥48.30,161.
周霞,178353条评论,拼音真好玩（全彩6册）（从幼小衔接到一年级，拼音学习必备启蒙书,电子工业出版社,¥31.70,162.
刘兴诗,3017条评论,少年读徐霞客游记（套装全3册）,青岛出版社,¥50.00,163.
杨其铎,346525条评论,四五快读 全彩图升级版——幼儿快速识字阅读法（全8册）(让孩子爱,湖南科技出版社,¥104.60,164.
陈才俊,9913条评论,国学经典：山海经全集,海潮出版社,¥19.90,165.
许仲琳,33775条评论,封神演义(青少版，非常适合小学高年级和初中生阅读，2017年低定价,浙江教育出版社,¥14.00,166.
金鱼酱,48900条评论,人间告白（何炅、谢娜、 易烊千玺推荐，花生妈妈金鱼酱写给儿子的,百花洲文艺出版社,¥22.40,167.
路遥,396410条评论,人生（茅盾文学奖得主路遥代表作，全新精装版）,北京十月文艺出版社,¥22.50,168.
埃德加·斯诺,533863条评论,红星照耀中国  青少版 八年级上册必读 人民文学出版社 团购电话4,人民文学出版社,¥16.50,169.
玖月晞,48962条评论,白色橄榄树（全二册）（ 人气作家玖月晞继《少年的你，如此美丽》,百花洲文艺出版社,¥33.20,170.
大卫,282235条评论,大卫不可以+大卫上学去+大卫惹麻烦（大卫系列全3册）——清华附小,河北教育出版社,¥59.70,171.
稻盛和夫,261933条评论,活法,东方出版社,¥19.00,172.
原田绫子,29743条评论,父母话术训练手册,中国妇女出版社,¥17.90,173.
夏洛蒂勃朗特,216530条评论,简爱（浙大翻译家宋兆霖翻译，未删减全本。）九年级下册必读书目,作家出版社,¥13.40,174.
皮姆,448924条评论,我不敢说，我怕被骂——邓超微博推荐的绘本 带给孩子更多勇气和自,北京联合出版公司,¥19.90,175.
约瑟夫·米森,88586条评论,这就是物理（函套10册）,北京理工大学出版社,¥99.00,176.
莳田晋至,320994条评论,在教室说错了没关系,青岛出版社,¥18.00,177.
亚历山德拉·米热林斯卡,758480条评论,地图 人文版（升级版）手绘世界地图 儿童百科绘本,贵州人民出版社,¥65.50,178.
吉田纯子,422362条评论,0-4岁幼儿认知小百科（全3册),长江少年儿童出版社,¥44.00,179.
陈磊·半小时漫画团队,1350577条评论,半小时漫画科学史（漫画式科普开创者二混子新作！从地心说到相对,文汇出版社,¥21.00,180.
塔拉,750596条评论,你当像鸟飞往你的山（比尔·盖茨年度特别推荐，登顶《纽约时报》,南海出版公司,¥29.50,1.
金伯莉·布雷恩,617979条评论,你就是孩子最好的玩具 樊登推荐,南方出版社,¥11.70,2.
阿兰德·丹姆,1271900条评论,小熊和最好的爸爸（全7册）,贵州人民出版社,¥17.50,3.
乔安娜柯尔,1462816条评论,神奇校车·图画书版（全12册，新增科学博览会1册）,贵州人民出版社,¥77.20,4.
太宰治,1999968条评论,人间失格（日本小说家太宰治代表作，190多万条好评的现象级畅销书,作家出版社,¥11.30,5.
丁香医生,32338条评论,健康日历2021,现代出版社,¥38.90,6.
渡边淳一,184515条评论,钝感力（渡边淳一经典：具备不为小事动摇的钝感力，才能成为真正,青岛出版社,¥16.00,7.
乔安娜柯尔,1100298条评论,神奇校车·桥梁书版（全20册）,贵州人民出版社,¥58.50,8.
简·尼尔森,1562057条评论,正面管教(修订版),北京联合出版公司,¥17.10,9.
张嘉骅,863766条评论,少年读史记（套装全5册）,青岛出版社,¥39.00,10.
怀特,950225条评论,夏洛的网(2020版） 教育部推荐三四年级阅读书目,上海译文出版社,¥18.50,11.
古斯塔夫·勒庞,518317条评论,乌合之众 : 大众心理研究,民主与建设出版社,¥11.70,12.
麦家,572558条评论,人生海海（麦家重磅力作，莫言、董卿盛赞，发行量超150万册，豆瓣,北京十月文艺出版社,¥27.50,13.
罗伯特·戴博德,43774条评论,蛤蟆先生去看心理医生（热销23年，英国经典心理咨询入门书，知名,天津人民出版社,¥19.00,14.
毛姆,1153141条评论,作家榜经典：月亮与六便士（连续3年蝉联当当名著销冠！荣获2017豆,浙江文艺出版社,¥19.90,15.
东野圭吾,1642665条评论,东野圭吾：白夜行（易烊千玺、孟非推荐，东野圭吾作品无冕之王）,南海出版公司,¥29.80,16.
莫言,153959条评论,晚熟的人（莫言新书）,人民文学出版社,¥28.60,17.
刘慈欣,1356441条评论,三体：全三册 刘慈欣代表作，亚洲首部“雨果奖”获奖作品！,重庆出版社,¥46.50,18.
山下英子,952147条评论,断舍离,广西科学技术出版社,¥12.80,19.
叶永烈,84686条评论,侦探与小偷 （教育部统编《语文》推荐阅读，与语文教材无缝对接，,中译出版社（原中国对外翻译出版公司）,¥22.10,20.
东菜奈,54857条评论,好想去这样那样的国家（全6册）,贵州人民出版社,¥49.10,101.
五味太郎,27809条评论,语言表达第一课（全4册）,贵州人民出版社,¥54.00,102.
乔治·奥威尔,161770条评论,一九八四（又译“1984”。奥威尔代表作，被誉为20世纪影响极为深,时代文艺出版社,¥15.00,103.
弗雷德里克·巴克曼,445998条评论,外婆的道歉信（畅销100万册，马思纯领读书目。人民日报、央视好评,天津人民出版社,¥20.80,104.
中岛敦,59503条评论,山月记（如果你很迷茫！自我拉扯！一定要读《山月记》。日本文豪,三秦出版社,¥22.30,105.
林奕含,358445条评论,房思琪的初恋乐园 （豆瓣9.2高分！数百万读者强烈共鸣的文学绝唱,北京联合出版有限公司,¥45.00,106.
艾瑞克·利温,186691条评论,皮特猫·3~6岁好性格养成书：第一辑（共6册）（乐观、积极、开朗,文汇出版社,¥69.90,107.
当年明月,346627条评论,明朝那些事儿全集 增补版（新版全套9册）,北京联合出版有限公司,¥278.80,108.
吴楚材,219370条评论,古文观止（上下册。畅销23万多册，同类书销量遥遥领先）,浙江教育出版社,¥23.40,109.
杰奎琳·凯利,89386条评论,蒲公英国际大奖小说（全6册）,贵州人民出版社,¥71.70,110.
罗娜·雷纳,334691条评论,不吼不叫：如何平静地让孩子与父母合作,上海社会科学院出版社,¥14.70,111.
九边,12237条评论,西方博弈往事：看透西方的演化逻辑，看懂西方到底会走向何方（九,台海出版社,¥29.60,112.
五味太郎,149004条评论,小金鱼逃走了,新星出版社,¥17.50,113.
左拉,19322条评论,娜娜（全球十大禁书之一，出版第一天销售55000册创法国出版史记录,西安交通大学出版社,¥16.90,61.
塞尔玛·拉格洛夫,46863条评论,尼尔斯骑鹅旅行记（又译《尼尔斯骑鹅历险记》《骑鹅旅行记》，瑞,安徽教育出版社,¥12.40,114.
稻盛和夫,98351条评论,心 稻盛和夫的一生嘱托,人民邮电出版社,¥29.50,115.
毛泽东,168933条评论,毛泽东选集（全四册，32开）  团购电话：4001066666转6（此书为特,人民出版社,¥56.70,116.
马德琳·英格,209347条评论,梅格时空大冒险·7~14岁儿童文学科幻经典（全5册）（儿童文学史上,文汇出版社,¥84.50,117.
黄仁宇,749252条评论,万历十五年 一本好书 腾讯视频栏目推荐,生活.读书.新知三联书店,¥13.00,118.
林语堂,516658条评论,苏东坡传（林语堂纪念典藏精装版）（1-9年级必读书单）,湖南文艺出版社,¥26.00,119.
陈卫平,828924条评论,《写给儿童的中国历史》（全彩铜版14册）中国孩子历史启蒙首选书,新世界出版社,¥131.30,62.
东野圭吾,2314162条评论,东野圭吾：解忧杂货店（胡歌、王俊凯、刘昊然倾情推荐，简体中文,南海出版公司,¥29.50,63.
高野和明,15970条评论,消失的13级台阶（罗翔推荐！荣获日本推理小说至高荣誉江户川乱步,上海文艺出版社,¥21.00,64.
温伯陵,51738条评论,一读就上瘾的中国史,台海出版社,¥24.70,65.
大冰,720043条评论,啊2.0（上市3个月，狂销100万册！大冰2020作品，新增10万字并包含,北京联合出版有限公司,¥39.60,66.
博多·舍费尔,267524条评论,小狗钱钱套装（全2册）青春有你吴泽林推荐！一个童话般的理财故事,四川少儿出版社,¥31.90,67.
芥川龙之介,392476条评论,罗生门（芥川龙之介小说集）《人间失格》作者太宰治是芥川的头号,时代文艺出版社,¥14.00,68.
沈从文,125692条评论,新课标 边城（沈从文代表作）,中国友谊出版公司,¥15.70,69.
少年怒马,64951条评论,鲜衣怒马少年时-唐宋诗人的诗酒江湖（当当专享印章版，附赠精美海,湖南文艺出版社,¥22.00,120.
亚瑟·乔拉米卡利,156008条评论,共情的力量：情商高的人，如何抚慰受伤的灵魂,中国致公出版社,¥23.50,70.
歪歪兔关键期早教项目组,130758条评论,学会管自己幼儿版-歪歪兔自控力教育系列绘本（全10册，幼儿园必备,海豚出版社,¥30.80,71.
陈磊.半小时漫画团队,865066条评论,半小时漫画中国史：经济篇（透过经济看历史，一不小心看透历史发,上海文艺出版社,¥24.90,72.
莫里斯桑达克,218615条评论,野兽国 （凯迪克金奖绘本，莫里斯桑达克代表品）,贵州人民出版社,¥18.00,73.
王国维,521396条评论,人间词话（近代极富盛名的词话著作，集编、校、释、评于一体，赏,北京联合出版公司,¥13.40,74.
亚米契斯,206403条评论,爱的教育（语文快乐读书吧·六年级上阅读，夏丏尊流芳90年经典译,安徽教育出版社,¥9.80,121.
刘慈欣,486748条评论,银火箭少年科幻系列·第1辑（8册。亚洲首位“雨果奖”得主刘慈欣,浙江教育出版社,¥99.80,75.
歪歪兔关键期早教项目组,34831条评论,一玩就会的逻辑思维游戏（全8册+游戏操作板1套。歪歪兔出品）,海豚出版社,¥49.90,76.
山下英子,183973条评论,断舍离（2019新版，全新修订50%以上内容）宫崎骏、张德芬、李冰冰,湖南文艺出版社,¥20.20,77.
吴敬梓,252737条评论,儒林外史(56回全本，内容考证、文字句读全新修订版。),花山文艺出版社,¥10.10,78.
任溶溶,498853条评论,任溶溶系列：没头脑和不高兴(注音版）,浙江少年儿童出版社,¥8.90,79.
伊丽莎白·弗迪克,320510条评论,手不是用来打人的（儿童好品德系列，全5册）,贵州教育出版社,¥33.70,80.
吉野源三郎,157686条评论,你想活出怎样的人生（宫崎骏从10岁读到70岁的小说，同名电影制作,南海出版公司,¥24.70,122.
麦克,138976条评论,彩虹色的花,二十一世纪出版社,¥23.00,123.
杨绛,1423632条评论,我们仨（新版）,生活.读书.新知三联书店,¥14.00,124.
珍妮特·温特森,119842条评论,橘子不是唯一的水果,北京联合出版有限公司,¥24.50,125.
加缪,164743条评论,局外人（如果你在人群中感到格格不入，一定要读《局外人》 ！全新,江苏凤凰文艺出版社,¥22.30,126.
三毛,352742条评论,三毛全集02：撒哈拉的故事,北京十月文艺出版社,¥17.50,127.
乔安娜柯尔,2531505条评论,神奇校车大家族（全73册）,贵州人民出版社,¥322.90,128.
芭芭拉库尼,366557条评论,花婆婆——清华附小推荐的经典绘本！美国国家图书奖作品！,河北教育出版社,¥19.90,129.
天才教育,38269条评论,神奇的数学（礼品装，包含11本纸板书和11本练习册）,江苏教育出版社,¥279.30,130.
克利斯提昂,783980条评论,不一样的卡梅拉手绘本（1-12册）,２１世纪出版社,¥60.00,131.
沈复,98299条评论,浮生六记（详细注解+准确优美直译，你一定能读懂原文。获得台湾认,时代文艺出版社,¥16.80,132.
尼古拉斯·艾伦,316485条评论,小威向前冲,贵州人民出版社,¥18.00,133.
陈海贤,117950条评论,了不起的我：自我发展的心理学（陈海贤重磅新作，得到App10万+付,台海出版社,¥34.50,134.
梁实秋,21875条评论,梁实秋：可能这就是人生吧（人民日报、十点读书推荐，文学泰斗梁,中国友谊出版公司,¥15.50,135.
乔安娜柯尔,189594条评论,神奇校车·人文版（全3册）,贵州人民出版社,¥21.00,136.
贾平凹,817334条评论,自在独行 贾平凹的独行世界（畅销300万册的国民精神读本，中国作,长江文艺出版社,¥14.50,137.
阎崇年,23968条评论,故宫六百年（上下册）（去过故宫1000多次的史学大家阎崇年完整讲,华文出版社,¥68.70,138.
张圣洁,57986条评论,论语（国学启蒙经典系列。全文注音+详尽注释+精准翻译，无需古文,浙江教育出版社,¥18.60,139.
北猫,385109条评论,米小圈漫画成语（套装共5册）,四川少儿出版社,¥49.00,140.
陈磊,1221469条评论,半小时漫画历史系列（中国史1-5完结+世界史，共6册）（独家签章版,文汇出版社,¥128.40,21.
圣埃克苏佩里,88063条评论,小王子（名家全译本，原版插图精美再现，版语文教材阅读，傅雷翻,浙江工商大学出版社,¥13.00,22.
中村恒子,355298条评论,人间值得（90岁心理医生恒子奶奶写给生活的哲思小书。十点读书、,北京日报出版社（原同心出版社）,¥20.00,23.
马歇尔,698729条评论,非暴力沟通,华夏出版社,¥24.50,24.
盖温·肯尼迪,193492条评论,谈判：如何在博弈中获得更多(第四版)Everything is Negotiable,民主与建设出版社,¥22.10,25.
钱穆,52772条评论,钱穆谈中国历史文化：中国历史精神,贵州人民出版社,¥12.70,26.
安东尼,649424条评论,我爸爸+我妈妈（全2册）——清华附小推荐经典儿童绘本 ！（启发童,河北教育出版社,¥39.80,27.
希阿荣博堪布,272976条评论,次第花开 修订版,海南出版社,¥17.90,28.
中国法制出版社,68709条评论,中华人民共和国民法典（实用版）2020年6月新版 团购电话：400106,中国法制出版社,¥28.00,29.
史蒂夫·比达尔夫,460348条评论,养育男孩（典藏版）,中信出版社,¥19.10,30.
哈珀·李,237108条评论,杀死一只知更鸟（豆瓣9.2，关于勇气与正义的成长教科书，影响全球,译林出版社,¥24.00,31.
克里斯多福·孟,505060条评论,亲密关系：通往灵魂的桥梁（新版）：完美先生魏哲鸣研究与异性完,湖南文艺出版社,¥20.20,32.
埃·拉斯伯,59547条评论,吹牛大王历险记（德国百年童话，名家未删节全译，配德国原版精美,浙江工商大学出版社,¥9.50,33.
卡夫卡,39405条评论,审判（豆瓣9.0分高评译本）,时代文艺出版社,¥12.30,34.
歪歪兔关键期早教,200059条评论,一看就会的思维导图启蒙绘本（歪歪兔童书馆出品）,海豚出版社,¥49.90,35.
哥伦比亚,679794条评论,霍乱时期的爱情（《百年孤独》作者马尔克斯传世巨著，展示爱情的,南海出版公司,¥34.50,36.
丰子恺,396437条评论,丰子恺万般滋味，都是生活,华中科技大学出版社,¥14.80,37.
毛姆,39159条评论,面纱（毛姆关于女性精神觉醒的经典作品，三次改编成电影。2018全,时代文艺出版社,¥13.20,38.
张磊,43815条评论,【包邮】价值：我对投资的思考 （高瓴资本创始人兼首席执行官张磊,浙江教育出版社,¥59.00,39.
北猫,429744条评论,米小圈上学记一年级（套装共4册）,四川少儿出版社,¥49.00,40.
罗尔德·达尔,166958条评论,罗尔德·达尔作品典藏（彩图拼音版）—了不起的狐狸爸爸,明天出版社,¥14.00,141.
张岱,62962条评论,作家榜经典：夜航船（年轻人要熟知的4248个文化常识！贾平凹题名,浙江文艺出版社,¥49.90,142.
瑞贝卡·帕特,127987条评论,我的大喊大叫的一天,新世纪出版社,¥18.00,143.
塔尔莱特·赫里姆,40631条评论,塔木德,中国画报出版社,¥18.00,144.
岸見一郎,175437条评论,被讨厌的勇气：“自我启发之父”阿德勒的哲学课 全新印刷版,机械工业出版社,¥27.50,145.
佐佐木洋子,915694条评论,小熊宝宝绘本（2018版全15册）蒲蒲兰经典畅销绘本！新手妈妈的育,新世纪出版社,¥37.40,146.
毛姆,530809条评论,月亮和六便士（全新导读无删节详注版！ 创500000+读者五星好评奇,时代文艺出版社,¥12.20,147.
埃·奥·卜劳恩,106934条评论,父与子全集（全彩版）,浙江工商大学出版社,¥17.60,148.
YOYO出版社,172709条评论,原声触摸发声书：听，什么声音（套装全6册）,开明出版社,¥156.80,149.
张嘉骅,1824条评论,亲爱的汉语（套装全7册）小学低中年级学生语文素养提升书,青岛出版社,¥76.40,150.
岩井俊雄,120513条评论,100层的房子系列（全4册，《100层的房子》+《地下100层的房子》+,北京科学技术出版社,¥77.20,151.
吕思勉,144696条评论,中国通史（易中天推崇的史学大师吕思勉的国史入门书，华人世界公,民主与建设出版社,¥17.90,152.
汪曾祺,62685条评论,家人闲坐，灯火可亲 汪曾祺散文集（愿你有家可回，有人可等。三餐,光明日报出版社,¥17.50,153.
何孝荣,68031条评论,资治通鉴少年简读版(套装全4册） 四册盒装，精华简读；史家打造，,青岛出版社,¥60.80,154.
张秋生,161078条评论,小巴掌童话注音版8册百篇张秋生一二年级课外书必读三年级课外阅读,山东科学技术出版社,¥32.00,155.
费利克斯·萨尔登,25319条评论,小鹿斑比（名家全译本，国际大师原版插图精美再现，此版当当销量,安徽教育出版社,¥9.90,156.
詹姆斯·迪安,273211条评论,皮特猫·3~6岁好性格养成书：共四辑（套装1~4辑）（乐观、自信、,文汇出版社,¥218.20,157.
北猫,239600条评论,米小圈上学记三年级（套装共4册）,四川少儿出版社,¥49.00,158.
加·泽文,1246411条评论,岛上书店（李现推荐，每个人的生命中，都有无比艰难的那一年，将,江苏文艺出版社,¥15.80,159.
村上春树,388116条评论,挪威的森林（2018年新版，村上春树的残酷青春物语，现象级的超级,上海译文出版社,¥19.00,160.
