20200101,0,AQI,武汉,65
20200101,0,PM2.5,武汉,41
20200101,0,PM2.5_24h,武汉,72
20200101,0,PM10,武汉,79
20200101,0,PM10_24h,武汉,108
20200101,0,SO2,武汉,9
20200101,0,SO2_24h,武汉,10
20200101,0,NO2,武汉,62
20200101,0,NO2_24h,武汉,48
20200101,0,O3,武汉,8
20200101,0,O3_24h,武汉,36
20200101,0,O3_8h,武汉,15
20200101,0,O3_8h_24h,武汉,29
20200101,0,CO,武汉,0.79
20200101,0,CO_24h,武汉,1.10
20200101,1,AQI,武汉,61
20200101,1,PM2.5,武汉,40
20200101,1,PM2.5_24h,武汉,67
20200101,1,PM10,武汉,71
20200101,1,PM10_24h,武汉,103
20200101,1,SO2,武汉,9
20200101,1,SO2_24h,武汉,10
20200101,1,NO2,武汉,60
20200101,1,NO2_24h,武汉,48
20200101,1,O3,武汉,9
20200101,1,O3_24h,武汉,36
20200101,1,O3_8h,武汉,9
20200101,1,O3_8h_24h,武汉,9
20200101,1,CO,武汉,0.77
20200101,1,CO_24h,武汉,1.07
20200101,2,AQI,武汉,61
20200101,2,PM2.5,武汉,41
20200101,2,PM2.5_24h,武汉,62
20200101,2,PM10,武汉,71
20200101,2,PM10_24h,武汉,98
20200101,2,SO2,武汉,11
20200101,2,SO2_24h,武汉,10
20200101,2,NO2,武汉,60
20200101,2,NO2_24h,武汉,49
20200101,2,O3,武汉,9
20200101,2,O3_24h,武汉,36
20200101,2,O3_8h,武汉,9
20200101,2,O3_8h_24h,武汉,10
20200101,2,CO,武汉,0.77
20200101,2,CO_24h,武汉,1.01
20200101,3,AQI,武汉,63
20200101,3,PM2.5,武汉,43
20200101,3,PM2.5_24h,武汉,58
20200101,3,PM10,武汉,75
20200101,3,PM10_24h,武汉,94
20200101,3,SO2,武汉,12
20200101,3,SO2_24h,武汉,10
20200101,3,NO2,武汉,59
20200101,3,NO2_24h,武汉,49
20200101,3,O3,武汉,9
20200101,3,O3_24h,武汉,36
20200101,3,O3_8h,武汉,9
20200101,3,O3_8h_24h,武汉,10
20200101,3,CO,武汉,0.78
20200101,3,CO_24h,武汉,1.00
20200101,4,AQI,武汉,63
20200101,4,PM2.5,武汉,41
20200101,4,PM2.5_24h,武汉,55
20200101,4,PM10,武汉,76
20200101,4,PM10_24h,武汉,90
20200101,4,SO2,武汉,11
20200101,4,SO2_24h,武汉,10
20200101,4,NO2,武汉,61
20200101,4,NO2_24h,武汉,50
20200101,4,O3,武汉,6
20200101,4,O3_24h,武汉,36
20200101,4,O3_8h,武汉,8
20200101,4,O3_8h_24h,武汉,10
20200101,4,CO,武汉,0.79
20200101,4,CO_24h,武汉,0.97
20200101,5,AQI,武汉,65
20200101,5,PM2.5,武汉,40
20200101,5,PM2.5_24h,武汉,52
20200101,5,PM10,武汉,80
20200101,5,PM10_24h,武汉,88
20200101,5,SO2,武汉,10
20200101,5,SO2_24h,武汉,10
20200101,5,NO2,武汉,60
20200101,5,NO2_24h,武汉,51
20200101,5,O3,武汉,6
20200101,5,O3_24h,武汉,36
20200101,5,O3_8h,武汉,8
20200101,5,O3_8h_24h,武汉,10
20200101,5,CO,武汉,0.76
20200101,5,CO_24h,武汉,0.96
20200101,6,AQI,武汉,66
20200101,6,PM2.5,武汉,41
20200101,6,PM2.5_24h,武汉,50
20200101,6,PM10,武汉,82
20200101,6,PM10_24h,武汉,86
20200101,6,SO2,武汉,11
20200101,6,SO2_24h,武汉,10
20200101,6,NO2,武汉,58
20200101,6,NO2_24h,武汉,52
20200101,6,O3,武汉,5
20200101,6,O3_24h,武汉,36
20200101,6,O3_8h,武汉,7
20200101,6,O3_8h_24h,武汉,10
20200101,6,CO,武汉,0.84
20200101,6,CO_24h,武汉,0.96
20200101,7,AQI,武汉,66
20200101,7,PM2.5,武汉,41
20200101,7,PM2.5_24h,武汉,49
20200101,7,PM10,武汉,82
20200101,7,PM10_24h,武汉,84
20200101,7,SO2,武汉,12
20200101,7,SO2_24h,武汉,11
20200101,7,NO2,武汉,59
20200101,7,NO2_24h,武汉,53
20200101,7,O3,武汉,6
20200101,7,O3_24h,武汉,36
20200101,7,O3_8h,武汉,7
20200101,7,O3_8h_24h,武汉,10
20200101,7,CO,武汉,0.99
20200101,7,CO_24h,武汉,0.96
20200101,8,AQI,武汉,64
20200101,8,PM2.5,武汉,34
20200101,8,PM2.5_24h,武汉,48
20200101,8,PM10,武汉,78
20200101,8,PM10_24h,武汉,83
20200101,8,SO2,武汉,13
20200101,8,SO2_24h,武汉,11
20200101,8,NO2,武汉,57
20200101,8,NO2_24h,武汉,54
20200101,8,O3,武汉,8
20200101,8,O3_24h,武汉,36
20200101,8,O3_8h,武汉,7
20200101,8,O3_8h_24h,武汉,10
20200101,8,CO,武汉,1.04
20200101,8,CO_24h,武汉,0.96
20200101,9,AQI,武汉,60
20200101,9,PM2.5,武汉,31
20200101,9,PM2.5_24h,武汉,48
20200101,9,PM10,武汉,70
20200101,9,PM10_24h,武汉,83
20200101,9,SO2,武汉,13
20200101,9,SO2_24h,武汉,11
20200101,9,NO2,武汉,54
20200101,9,NO2_24h,武汉,55
20200101,9,O3,武汉,10
20200101,9,O3_24h,武汉,36
20200101,9,O3_8h,武汉,7
20200101,9,O3_8h_24h,武汉,10
20200101,9,CO,武汉,1.08
20200101,9,CO_24h,武汉,0.96
20200101,10,AQI,武汉,58
20200101,10,PM2.5,武汉,32
20200101,10,PM2.5_24h,武汉,48
20200101,10,PM10,武汉,66
20200101,10,PM10_24h,武汉,81
20200101,10,SO2,武汉,12
20200101,10,SO2_24h,武汉,11
20200101,10,NO2,武汉,56
20200101,10,NO2_24h,武汉,56
20200101,10,O3,武汉,12
20200101,10,O3_24h,武汉,38
20200101,10,O3_8h,武汉,7
20200101,10,O3_8h_24h,武汉,10
20200101,10,CO,武汉,1.10
20200101,10,CO_24h,武汉,0.97
20200101,11,AQI,武汉,58
20200101,11,PM2.5,武汉,32
20200101,11,PM2.5_24h,武汉,47
20200101,11,PM10,武汉,65
20200101,11,PM10_24h,武汉,82
20200101,11,SO2,武汉,13
20200101,11,SO2_24h,武汉,11
20200101,11,NO2,武汉,52
20200101,11,NO2_24h,武汉,56
20200101,11,O3,武汉,14
20200101,11,O3_24h,武汉,36
20200101,11,O3_8h,武汉,8
20200101,11,O3_8h_24h,武汉,11
20200101,11,CO,武汉,1.11
20200101,11,CO_24h,武汉,0.96
20200101,12,AQI,武汉,58
20200101,12,PM2.5,武汉,34
20200101,12,PM2.5_24h,武汉,47
20200101,12,PM10,武汉,65
20200101,12,PM10_24h,武汉,81
20200101,12,SO2,武汉,13
20200101,12,SO2_24h,武汉,11
20200101,12,NO2,武汉,53
20200101,12,NO2_24h,武汉,57
20200101,12,O3,武汉,14
20200101,12,O3_24h,武汉,36
20200101,12,O3_8h,武汉,9
20200101,12,O3_8h_24h,武汉,11
20200101,12,CO,武汉,1.02
20200101,12,CO_24h,武汉,0.97
20200101,13,AQI,武汉,58
20200101,13,PM2.5,武汉,37
20200101,13,PM2.5_24h,武汉,46
20200101,13,PM10,武汉,66
20200101,13,PM10_24h,武汉,81
20200101,13,SO2,武汉,13
20200101,13,SO2_24h,武汉,11
20200101,13,NO2,武汉,52
20200101,13,NO2_24h,武汉,58
20200101,13,O3,武汉,15
20200101,13,O3_24h,武汉,36
20200101,13,O3_8h,武汉,11
20200101,13,O3_8h_24h,武汉,12
20200101,13,CO,武汉,1.02
20200101,13,CO_24h,武汉,0.97
20200101,14,AQI,武汉,57
20200101,14,PM2.5,武汉,40
20200101,14,PM2.5_24h,武汉,46
20200101,14,PM10,武汉,64
20200101,14,PM10_24h,武汉,81
20200101,14,SO2,武汉,12
20200101,14,SO2_24h,武汉,11
20200101,14,NO2,武汉,53
20200101,14,NO2_24h,武汉,58
20200101,14,O3,武汉,14
20200101,14,O3_24h,武汉,36
20200101,14,O3_8h,武汉,11
20200101,14,O3_8h_24h,武汉,12
20200101,14,CO,武汉,1.07
20200101,14,CO_24h,武汉,0.94
20200101,15,AQI,武汉,60
20200101,15,PM2.5,武汉,43
20200101,15,PM2.5_24h,武汉,45
20200101,15,PM10,武汉,64
20200101,15,PM10_24h,武汉,80
20200101,15,SO2,武汉,12
20200101,15,SO2_24h,武汉,11
20200101,15,NO2,武汉,60
20200101,15,NO2_24h,武汉,59
20200101,15,O3,武汉,10
20200101,15,O3_24h,武汉,36
20200101,15,O3_8h,武汉,12
20200101,15,O3_8h_24h,武汉,13
20200101,15,CO,武汉,1.24
20200101,15,CO_24h,武汉,0.94
20200101,16,AQI,武汉,70
20200101,16,PM2.5,武汉,51
20200101,16,PM2.5_24h,武汉,45
20200101,16,PM10,武汉,78
20200101,16,PM10_24h,武汉,79
20200101,16,SO2,武汉,14
20200101,16,SO2_24h,武汉,11
20200101,16,NO2,武汉,63
20200101,16,NO2_24h,武汉,59
20200101,16,O3,武汉,8
20200101,16,O3_24h,武汉,33
20200101,16,O3_8h,武汉,12
20200101,16,O3_8h_24h,武汉,13
20200101,16,CO,武汉,1.38
20200101,16,CO_24h,武汉,0.98
20200101,17,AQI,武汉,71
20200101,17,PM2.5,武汉,52
20200101,17,PM2.5_24h,武汉,44
20200101,17,PM10,武汉,77
20200101,17,PM10_24h,武汉,78
20200101,17,SO2,武汉,14
20200101,17,SO2_24h,武汉,11
20200101,17,NO2,武汉,64
20200101,17,NO2_24h,武汉,60
20200101,17,O3,武汉,7
20200101,17,O3_24h,武汉,26
20200101,17,O3_8h,武汉,12
20200101,17,O3_8h_24h,武汉,13
20200101,17,CO,武汉,1.19
20200101,17,CO_24h,武汉,0.99
20200101,18,AQI,武汉,71
20200101,18,PM2.5,武汉,52
20200101,18,PM2.5_24h,武汉,44
20200101,18,PM10,武汉,82
20200101,18,PM10_24h,武汉,78
20200101,18,SO2,武汉,14
20200101,18,SO2_24h,武汉,11
20200101,18,NO2,武汉,64
20200101,18,NO2_24h,武汉,60
20200101,18,O3,武汉,5
20200101,18,O3_24h,武汉,23
20200101,18,O3_8h,武汉,11
20200101,18,O3_8h_24h,武汉,13
20200101,18,CO,武汉,1.09
20200101,18,CO_24h,武汉,0.99
20200101,19,AQI,武汉,75
20200101,19,PM2.5,武汉,55
20200101,19,PM2.5_24h,武汉,43
20200101,19,PM10,武汉,85
20200101,19,PM10_24h,武汉,77
20200101,19,SO2,武汉,13
20200101,19,SO2_24h,武汉,11
20200101,19,NO2,武汉,62
20200101,19,NO2_24h,武汉,60
20200101,19,O3,武汉,5
20200101,19,O3_24h,武汉,20
20200101,19,O3_8h,武汉,10
20200101,19,O3_8h_24h,武汉,13
20200101,19,CO,武汉,1.01
20200101,19,CO_24h,武汉,1.00
20200101,20,AQI,武汉,81
20200101,20,PM2.5,武汉,60
20200101,20,PM2.5_24h,武汉,43
20200101,20,PM10,武汉,86
20200101,20,PM10_24h,武汉,77
20200101,20,SO2,武汉,11
20200101,20,SO2_24h,武汉,11
20200101,20,NO2,武汉,58
20200101,20,NO2_24h,武汉,59
20200101,20,O3,武汉,6
20200101,20,O3_24h,武汉,18
20200101,20,O3_8h,武汉,9
20200101,20,O3_8h_24h,武汉,13
20200101,20,CO,武汉,0.97
20200101,20,CO_24h,武汉,0.99
20200101,21,AQI,武汉,85
20200101,21,PM2.5,武汉,63
20200101,21,PM2.5_24h,武汉,43
20200101,21,PM10,武汉,86
20200101,21,PM10_24h,武汉,76
20200101,21,SO2,武汉,10
20200101,21,SO2_24h,武汉,12
20200101,21,NO2,武汉,55
20200101,21,NO2_24h,武汉,59
20200101,21,O3,武汉,6
20200101,21,O3_24h,武汉,17
20200101,21,O3_8h,武汉,8
20200101,21,O3_8h_24h,武汉,13
20200101,21,CO,武汉,0.98
20200101,21,CO_24h,武汉,1.00
20200101,22,AQI,武汉,91
20200101,22,PM2.5,武汉,68
20200101,22,PM2.5_24h,武汉,44
20200101,22,PM10,武汉,86
20200101,22,PM10_24h,武汉,76
20200101,22,SO2,武汉,9
20200101,22,SO2_24h,武汉,12
20200101,22,NO2,武汉,54
20200101,22,NO2_24h,武汉,58
20200101,22,O3,武汉,6
20200101,22,O3_24h,武汉,18
20200101,22,O3_8h,武汉,7
20200101,22,O3_8h_24h,武汉,13
20200101,22,CO,武汉,1.01
20200101,22,CO_24h,武汉,0.99
20200101,23,AQI,武汉,94
20200101,23,PM2.5,武汉,70
20200101,23,PM2.5_24h,武汉,45
20200101,23,PM10,武汉,87
20200101,23,PM10_24h,武汉,76
20200101,23,SO2,武汉,8
20200101,23,SO2_24h,武汉,11
20200101,23,NO2,武汉,55
20200101,23,NO2_24h,武汉,58
20200101,23,O3,武汉,5
20200101,23,O3_24h,武汉,18
20200101,23,O3_8h,武汉,6
20200101,23,O3_8h_24h,武汉,13
20200101,23,CO,武汉,1.16
20200101,23,CO_24h,武汉,0.98
